{
  "_declaration": {
    "_attributes": {
      "version": "1.0",
      "encoding": "UTF-8"
    }
  },
  "response": {
    "header": {
      "resultCode": {
        "_text": "00"
      },
      "resultMsg": {
        "_text": "NORMAL_CODE"
      }
    },
    "body": {
      "items": {
        "item": [
          {
            "op_at": {
              "_text": "N"
            },
            "op_st_dt": {
              "_text": "2024-10-18"
            },
            "op_ed_dt": {
              "_text": "2024-10-27"
            },
            "pay_at": {
              "_text": "Y"
            },
            "place_nm": {
              "_text": "가마골소극장"
            },
            "title": {
              "_text": "실업자들"
            },
            "res_no": {
              "_text": "2024100032"
            },
            "image": {
              "_url": "https://i.ibb.co/XbfKSWs/mu.png"
            },
            "card": {
              "_url": "https://www.instagram.com/kamagoltheater/reel/DBDRYmfvA23/"
            }
          },
          {
            "op_at": {
              "_text": "N"
            },
            "op_st_dt": {
              "_text": "2024-10-19"
            },
            "op_ed_dt": {
              "_text": "2024-10-19"
            },
            "pay_at": {
              "_text": "Y"
            },
            "place_nm": {
              "_text": "기장군청 차성아트홀"
            },
            "title": {
              "_text": "누가 내 머리에 똥 쌌어?"
            },
            "res_no": {
              "_text": "2024100068"
            },
            "image": {
              "_url": "https://i.ibb.co/4gtSDVj/mu.jpg"
            },
            "card": {
              "_url": "http://ticket.yes24.com/New/Perf/Detail/Detail.aspx?IdPerf=33392"
            }
          },
          {
            "op_at": {
              "_text": "N"
            },
            "op_st_dt": {
              "_text": "2024-10-19"
            },
            "op_ed_dt": {
              "_text": "2024-10-20"
            },
            "pay_at": {
              "_text": "Y"
            },
            "place_nm": {
              "_text": "부산시민회관"
            },
            "title": {
              "_text": "핑크퐁과 아기상어의 무지개 구출 작전"
            },
            "res_no": {
              "_text": "2024100069"
            },
            "image": {
              "_url": "https://i.ibb.co/L8M2Yxw/image.jpg"
            },
            "card": {
              "_url": "https://kopis.or.kr/por/db/pblprfr/pblprfrView.do?menuId=MNU_00020&mt20Id=PF246265"
            }
          },
          {
            "op_at": {
              "_text": "N"
            },
            "op_st_dt": {
              "_text": "2024-11-16"
            },
            "op_ed_dt": {
              "_text": "2024-11-16"
            },
            "pay_at": {
              "_text": "Y"
            },
            "place_nm": {
              "_text": "백양문화예술회관 공연장"
            },
            "title": {
              "_text": "벽 속의 요정"
            },
            "res_no": {
              "_text": "2024100113"
            },
            "image": {
              "_url": "https://i.ibb.co/k1ZmYFQ/image.jpg"
            },
            "card": {
              "_url": "http://ticket.yes24.com/Perf/51354"
            }
          },
          {
            "op_at": {
              "_text": "N"
            },
            "op_st_dt": {
              "_text": "2024-11-14"
            },
            "op_ed_dt": {
              "_text": "2024-11-14"
            },
            "pay_at": {
              "_text": "Y"
            },
            "place_nm": {
              "_text": "을숙도문화회관"
            },
            "title": {
              "_text": "제17회 청년예술공감, Love in Serenade"
            },
            "res_no": {
              "_text": "2024100128"
            },
            "image": {
              "_url": "https://i.ibb.co/TbMcZSq/17.png"
            }
          },
          {
            "op_at": {
              "_text": "N"
            },
            "op_st_dt": {
              "_text": "2024-11-29"
            },
            "op_ed_dt": {
              "_text": "2024-11-30"
            },
            "pay_at": {
              "_text": "Y"
            },
            "place_nm": {
              "_text": "어댑터씨어터"
            },
            "title": {
              "_text": "나에게만 들리는 목소리 "
            },
            "res_no": {
              "_text": "2024100148"
            },
            "image": {
              "_url": "https://i.ibb.co/t4SX7S8/image.jpg"
            }
          },
          {
            "op_at": {
              "_text": "N"
            },
            "op_st_dt": {
              "_text": "2024-11-20"
            },
            "op_ed_dt": {
              "_text": "2024-12-05"
            },
            "pay_at": {
              "_text": "Y"
            },
            "place_nm": {
              "_text": "해운대문화회관"
            },
            "title": {
              "_text": "미스터마담"
            },
            "res_no": {
              "_text": "2024100166"
            },
            "image": {
              "_url": "https://i.ibb.co/gFdMzjh/image.jpg"
            }
          },
          {
            "op_at": {
              "_text": "N"
            },
            "op_st_dt": {
              "_text": "2024-11-10"
            },
            "op_ed_dt": {
              "_text": "2024-11-10"
            },
            "pay_at": {
              "_text": "Y"
            },
            "place_nm": {
              "_text": "기장군청 차성아트홀"
            },
            "title": {
              "_text": "백설공주 "
            },
            "res_no": {
              "_text": "2024100171"
            },
            "image": {
              "_url": "https://i.ibb.co/bFthFr2/image.jpg"
            }
          },
          {
            "op_at": {
              "_text": "N"
            },
            "op_st_dt": {
              "_text": "2024-11-23"
            },
            "op_ed_dt": {
              "_text": "2024-11-24"
            },
            "pay_at": {
              "_text": "Y"
            },
            "place_nm": {
              "_text": "신세계센텀시티 9층 문화홀"
            },
            "title": {
              "_text": "알라딘 "
            },
            "res_no": {
              "_text": "2024100175"
            },
            "image": {
              "_url": "https://i.ibb.co/s37fM3h/image.jpg"
            }
          },
          {
            "op_at": {
              "_text": "N"
            },
            "op_st_dt": {
              "_text": "2024-11-07"
            },
            "op_ed_dt": {
              "_text": "2024-11-07"
            },
            "pay_at": {
              "_text": "Y"
            },
            "place_nm": {
              "_text": "해운대문화회관"
            },
            "title": {
              "_text": "레 미제라블 [해운대]"
            },
            "res_no": {
              "_text": "2024100176"
            },
            "image": {
              "_url": "https://i.ibb.co/3mG95yd/image.jpg"
            }
          },
          {
            "op_at": {
              "_text": "N"
            },
            "op_st_dt": {
              "_text": "2024-11-23"
            },
            "op_ed_dt": {
              "_text": "2024-11-24"
            },
            "pay_at": {
              "_text": "Y"
            },
            "place_nm": {
              "_text": "영화의전당"
            },
            "title": {
              "_text": "판"
            },
            "res_no": {
              "_text": "2024100179"
            },
            "image": {
              "_url": "https://i.ibb.co/q7kbVjc/image.jpg"
            }
          },
          {
            "op_at": {
              "_text": "N"
            },
            "op_st_dt": {
              "_text": "2024-11-16"
            },
            "op_ed_dt": {
              "_text": "2024-11-17"
            },
            "pay_at": {
              "_text": "Y"
            },
            "place_nm": {
              "_text": "부산문화회관"
            },
            "title": {
              "_text": "바다에 뿌리 내린"
            },
            "res_no": {
              "_text": "2024110016"
            },
            "image": {
              "_url": "https://i.ibb.co/bN1XQnB/image.jpg"
            }
          },
          {
            "op_at": {
              "_text": "N"
            },
            "op_st_dt": {
              "_text": "2024-11-29"
            },
            "op_ed_dt": {
              "_text": "2024-12-01"
            },
            "pay_at": {
              "_text": "Y"
            },
            "place_nm": {
              "_text": "나다소극장"
            },
            "title": {
              "_text": "천국으로 배달해드립니다"
            },
            "res_no": {
              "_text": "2024110101"
            },
            "image": {
              "_url": "https://i.ibb.co/VYLJS6T/image.gif"
            }
          },
          {
            "op_at": {
              "_text": "N"
            },
            "op_st_dt": {
              "_text": "2024-12-05"
            },
            "op_ed_dt": {
              "_text": "2024-12-06"
            },
            "pay_at": {
              "_text": "Y"
            },
            "place_nm": {
              "_text": "부산시민회관"
            },
            "title": {
              "_text": "악당의 색: Red "
            },
            "res_no": {
              "_text": "2024110112"
            },
            "image": {
              "_url": "https://i.ibb.co/QQ55XmQ/image.jpg"
            }
          },
          {
            "op_at": {
              "_text": "N"
            },
            "op_st_dt": {
              "_text": "2024-12-06"
            },
            "op_ed_dt": {
              "_text": "2024-12-08"
            },
            "pay_at": {
              "_text": "Y"
            },
            "place_nm": {
              "_text": "영산대학교 성심오디토리움"
            },
            "title": {
              "_text": "UNTIL DEATH "
            },
            "res_no": {
              "_text": "2024110113"
            },
            "image": {
              "_url": "https://i.ibb.co/SfYLNYF/until.jpg"
            }
          },
          {
            "op_at": {
              "_text": "N"
            },
            "op_st_dt": {
              "_text": "2024-12-14"
            },
            "op_ed_dt": {
              "_text": "2024-12-22"
            },
            "pay_at": {
              "_text": "Y"
            },
            "place_nm": {
              "_text": "부산시민회관"
            },
            "title": {
              "_text": "시카고"
            },
            "res_no": {
              "_text": "2024110122"
            },
            "image": {
              "_url": "https://i.ibb.co/sRZVhG9/image.gif"
            }
          },
          {
            "op_at": {
              "_text": "N"
            },
            "op_st_dt": {
              "_text": "2024-11-23"
            },
            "op_ed_dt": {
              "_text": "2024-11-24"
            },
            "pay_at": {
              "_text": "Y"
            },
            "place_nm": {
              "_text": "KBS 부산홀"
            },
            "title": {
              "_text": "에그박사: 연구소에서 생긴 일 "
            },
            "res_no": {
              "_text": "2024110138"
            },
            "image": {
              "_url": "https://i.ibb.co/6J0vjvh/image.jpg"
            }
          },
          {
            "op_at": {
              "_text": "N"
            },
            "op_st_dt": {
              "_text": "2024-12-01"
            },
            "op_ed_dt": {
              "_text": "2024-12-01"
            },
            "pay_at": {
              "_text": "Y"
            },
            "place_nm": {
              "_text": "민주공원"
            },
            "title": {
              "_text": "호두까기 인형 [부산]"
            },
            "res_no": {
              "_text": "2024110141"
            },
            "image": {
              "_url": "https://i.ibb.co/tHktZpQ/image.gif"
            }
          },
          {
            "op_at": {
              "_text": "N"
            },
            "op_st_dt": {
              "_text": "2024-11-28"
            },
            "op_ed_dt": {
              "_text": "2024-11-29"
            },
            "pay_at": {
              "_text": "N"
            },
            "place_nm": {
              "_text": "부산학생예술문화회관"
            },
            "title": {
              "_text": "빨래 "
            },
            "res_no": {
              "_text": "2024110161"
            },
            "image": {
              "_url": "https://i.ibb.co/G34xfg7/image.jpg"
            }
          },
          {
            "op_at": {
              "_text": "N"
            },
            "op_st_dt": {
              "_text": "2024-12-06"
            },
            "op_ed_dt": {
              "_text": "2024-12-08"
            },
            "pay_at": {
              "_text": "Y"
            },
            "place_nm": {
              "_text": "소향씨어터 신한카드홀"
            },
            "title": {
              "_text": "빈센트 반 고흐"
            },
            "res_no": {
              "_text": "2024110168"
            },
            "image": {
              "_url": "https://i.ibb.co/pfC7Zcj/image.jpg"
            }
          },
          {
            "op_at": {
              "_text": "N"
            },
            "op_st_dt": {
              "_text": "2024-12-06"
            },
            "op_ed_dt": {
              "_text": "2024-12-08"
            },
            "pay_at": {
              "_text": "Y"
            },
            "place_nm": {
              "_text": "드림씨어터"
            },
            "title": {
              "_text": "젠틀맨스 가이드: 사랑과 살인편"
            },
            "res_no": {
              "_text": "2024110189"
            },
            "image": {
              "_url": "https://i.ibb.co/7n9v1sJ/image.jpg"
            }
          },
          {
            "op_at": {
              "_text": "N"
            },
            "op_st_dt": {
              "_text": "2024-12-04"
            },
            "op_ed_dt": {
              "_text": "2024-12-05"
            },
            "pay_at": {
              "_text": "Y"
            },
            "place_nm": {
              "_text": "금정문화회관"
            },
            "title": {
              "_text": "락뮤지컬 프리즌"
            },
            "res_no": {
              "_text": "2024110191"
            },
            "image": {
              "_url": "https://i.ibb.co/pZjCJ0x/image.jpg"
            }
          }
        ]
      },
      "numOfRows": {
        "_text": "100"
      },
      "pageNo": {
        "_text": "11"
      },
      "totalCount": {
        "_text": "1022"
      }
    },
    "numOfRows": "200"
  }
}
