{
  "_declaration": {
    "_attributes": {
      "version": "1.0",
      "encoding": "UTF-8"
    }
  },
  "response": {
    "header": {
      "resultCode": {
        "_text": "00"
      },
      "resultMsg": {
        "_text": "NORMAL_CODE"
      }
    },
    "body": {
      "items": {
        "item": [
          {
            "op_at": {
              "_text": "N"
            },
            "op_st_dt": {
              "_text": "2024-10-24"
            },
            "op_ed_dt": {
              "_text": "2024-10-24"
            },
            "pay_at": {
              "_text": "Y"
            },
            "place_nm": {
              "_text": "국립부산국악원"
            },
            "title": {
              "_text": "음악축제: 악, 듣고 싶다: 국립부산국악원 기악단, 성악단"
            },
            "res_no": {
              "_text": "2024100078"
            },
            "image": {
              "_url": "https://i.ibb.co/0F3LB7Q/image.jpg"
            }
          },
          {
            "op_at": {
              "_text": "N"
            },
            "op_st_dt": {
              "_text": "2024-11-16"
            },
            "op_ed_dt": {
              "_text": "2024-11-16"
            },
            "pay_at": {
              "_text": "Y"
            },
            "place_nm": {
              "_text": "북구문화예술회관"
            },
            "title": {
              "_text": "시인 나태주 X 앙상블 더류, 시와 음악이 있는 콘서트: 좋다고 하니까 나도 좋다 "
            },
            "res_no": {
              "_text": "2024100123"
            },
            "image": {
              "_url": "https://i.ibb.co/fFJJTvc/image.jpg"
            }
          },
          {
            "op_at": {
              "_text": "N"
            },
            "op_st_dt": {
              "_text": "2024-11-11"
            },
            "op_ed_dt": {
              "_text": "2024-11-11"
            },
            "pay_at": {
              "_text": "Y"
            },
            "place_nm": {
              "_text": "해운대문화회관"
            },
            "title": {
              "_text": "사자탈을 쓴 장산범"
            },
            "res_no": {
              "_text": "2024100152"
            },
            "image": {
              "_url": "https://i.ibb.co/nm94R1G/image.jpg"
            }
          },
          {
            "op_at": {
              "_text": "N"
            },
            "op_st_dt": {
              "_text": "2024-10-31"
            },
            "op_ed_dt": {
              "_text": "2024-10-31"
            },
            "pay_at": {
              "_text": "Y"
            },
            "place_nm": {
              "_text": "해운대문화회관"
            },
            "title": {
              "_text": "On Stage Concert, 예나드리 예술동행: 수다"
            },
            "res_no": {
              "_text": "2024100178"
            },
            "image": {
              "_url": "https://i.ibb.co/VY0P1F8/image.jpg"
            }
          },
          {
            "op_at": {
              "_text": "N"
            },
            "op_st_dt": {
              "_text": "2024-11-27"
            },
            "op_ed_dt": {
              "_text": "2024-11-27"
            },
            "pay_at": {
              "_text": "N"
            },
            "place_nm": {
              "_text": "부산예술회관"
            },
            "title": {
              "_text": "문화가 있는 날 : 운사당(정자경 가야금병창아지트) "
            },
            "res_no": {
              "_text": "2024110065"
            }
          },
          {
            "op_at": {
              "_text": "N"
            },
            "op_st_dt": {
              "_text": "2024-11-14"
            },
            "op_ed_dt": {
              "_text": "2024-11-14"
            },
            "pay_at": {
              "_text": "Y"
            },
            "place_nm": {
              "_text": "부산예술회관"
            },
            "title": {
              "_text": "하지희 가야금독주회_성금연류 가야금산조"
            },
            "res_no": {
              "_text": "2024110066"
            }
          },
          {
            "op_at": {
              "_text": "N"
            },
            "op_st_dt": {
              "_text": "2024-11-16"
            },
            "op_ed_dt": {
              "_text": "2024-11-16"
            },
            "pay_at": {
              "_text": "N"
            },
            "place_nm": {
              "_text": "부산예술회관"
            },
            "title": {
              "_text": "부산풍물사랑 판(PAN) 2024년 제19회 정기공연"
            },
            "res_no": {
              "_text": "2024110067"
            }
          },
          {
            "op_at": {
              "_text": "N"
            },
            "op_st_dt": {
              "_text": "2024-12-07"
            },
            "op_ed_dt": {
              "_text": "2024-12-07"
            },
            "pay_at": {
              "_text": "Y"
            },
            "place_nm": {
              "_text": "국립부산국악원"
            },
            "title": {
              "_text": "동화나라 별별친구: 빙빙빙 Being Being Being, 트라이아웃2"
            },
            "res_no": {
              "_text": "2024110107"
            }
          },
          {
            "op_at": {
              "_text": "N"
            },
            "op_st_dt": {
              "_text": "2024-12-13"
            },
            "op_ed_dt": {
              "_text": "2024-12-14"
            },
            "pay_at": {
              "_text": "Y"
            },
            "place_nm": {
              "_text": "국립부산국악원"
            },
            "title": {
              "_text": "똥벼락 "
            },
            "res_no": {
              "_text": "2024110108"
            }
          },
          {
            "op_at": {
              "_text": "N"
            },
            "op_st_dt": {
              "_text": "2024-12-20"
            },
            "op_ed_dt": {
              "_text": "2024-12-21"
            },
            "pay_at": {
              "_text": "Y"
            },
            "place_nm": {
              "_text": "국립부산국악원"
            },
            "title": {
              "_text": "동화나라 별별친구, 만보와 별별머리"
            },
            "res_no": {
              "_text": "2024110109"
            }
          },
          {
            "op_at": {
              "_text": "N"
            },
            "op_st_dt": {
              "_text": "2024-11-22"
            },
            "op_ed_dt": {
              "_text": "2024-11-22"
            },
            "pay_at": {
              "_text": "N"
            },
            "place_nm": {
              "_text": "부산문화회관"
            },
            "title": {
              "_text": "대학생 작품제작 참여 지원사업, PPP (PUSAN PIRI PROJECT) : 도약"
            },
            "res_no": {
              "_text": "2024110143"
            }
          },
          {
            "op_at": {
              "_text": "N"
            },
            "op_st_dt": {
              "_text": "2024-12-07"
            },
            "op_ed_dt": {
              "_text": "2024-12-07"
            },
            "pay_at": {
              "_text": "Y"
            },
            "place_nm": {
              "_text": "국립부산국악원"
            },
            "title": {
              "_text": "스타발굴프로젝트: 별, 빛, 밤 "
            },
            "res_no": {
              "_text": "2024110169"
            }
          },
          {
            "op_at": {
              "_text": "N"
            },
            "op_st_dt": {
              "_text": "2025-01-17"
            },
            "op_ed_dt": {
              "_text": "2025-01-17"
            },
            "pay_at": {
              "_text": "Y"
            },
            "place_nm": {
              "_text": "부산시민회관"
            },
            "title": {
              "_text": "부산시민회관 신년음악회 "
            },
            "res_no": {
              "_text": "2024110207"
            }
          }
        ]
      },
      "numOfRows": {
        "_text": "49"
      },
      "pageNo": {
        "_text": "10"
      },
      "totalCount": {
        "_text": "454"
      }
    },
    "numOfRows": "200"
  }
}
